Workbook

Sheet Сводная таблица
A1: Топ-3 территорий по доле в общем товарообороте | D1: Топ-3 территорий по товарообороту на склад за последнюю неделю
A2: Row Labels | B2: Sum of Товарооборот, шт | D2: Row Labels | E2: Sum of Товарооборот на склад
A3: Санкт-Петербург Север | B3: 349699.5 | D3: Москва Восток | E3: 3393.1
A4: Санкт-Петербург Юг | B4: 272926.5 | D4: Москва Запад | E4: 3199.6
A5: Москва Запад | B5: 188776.5 | D5: Санкт-Петербург Север | E5: 2843.1
A7: Row Labels | B7: Sum of Товарооборот, шт | C7: Sum of Товарооборот, руб | D7: Sum of Количество складов | E7: Sum of Количество заказов | F7: Sum of Количество клиентов | G7: Sum of Товарооборот на склад
A8: Волгоград | B8: 2577885 | C8: 218000127 | D8: 1265 | E8: 172778 | F8: 159095 | G8: 71305.9
A9: Екатеринбург | B9: 2815608 | C9: 2.43409e+08 | D9: 1085 | E9: 185239 | F9: 171710 | G9: 90826.1
A10: Казань | B10: 1308087 | C10: 120582837 | D10: 731 | E10: 75638 | F10: 68745 | G10: 62498.3
A11: Кемерово | B11: 1130320.5 | C11: 1.0167354e+08 | D11: 710 | E11: 65493 | F11: 59630 | G11: 55774.8
A12: Краснодар | B12: 975802.5 | C12: 85862582 | D12: 673 | E12: 60936 | F12: 55499 | G12: 50737.6
A13: Москва Восток | B13: 7308021 | C13: 738124428 | D13: 1890 | E13: 450697 | F13: 420076 | G13: 135333.9
A14: Москва Запад | B14: 7622206.5 | C14: 7.7414695e+08 | D14: 2080 | E14: 473773 | F14: 440443 | G14: 128283.1
A15: Нижний Новгород | B15: 1048057.5 | C15: 95592298 | D15: 673 | E15: 64599 | F15: 57229 | G15: 54399.2
A16: Новосибирск | B16: 494650.5 | C16: 41034630 | D16: 570 | E16: 28986 | F16: 25549 | G16: 30275.2
A17: Пермь | B17: 562567.5 | C17: 48803040 | D17: 552 | E17: 35057 | F17: 31015 | G17: 35511.3
A18: Ростов-на-Дону | B18: 387301.5 | C18: 34816548 | D18: 500 | E18: 22557 | F18: 19421 | G18: 25486.2
A19: Самара | B19: 42676.5 | C19: 3342598.5 | D19: 75 | E19: 2248 | F19: 1866 | G19: 2845.1
... A26: Grand Total | B26: 50178780 | C26: 4.9623592e+09 | D26: 20111 | E26: 2988770 | F26: 2760956 | G26: 982106.5

Sheet График по неделям
K2: Row Labels | L2: Sum of Товарооборот, шт | M2: Sum of Товарооборот на склад
K3: 18 | L3: 8240286 | M3: 156122.4
K4: 19 | L4: 9783292.5 | M4: 186417.6
K5: 20 | L5: 9594378 | M5: 186765.9
K6: 21 | L6: 10475296 | M6: 205470.3
K7: 22 | L7: 10730598 | M7: 218169.3
K8: 23 | L8: 1354929 | M8: 29161
K9: Grand Total | L9: 50178780 | M9: 982106.5

Sheet Лист1
A1: Дата | B1: Территория | C1: Товарооборот, шт | D1: Товарооборот, руб | E1: Количество складов | F1: Количество заказов | G1: Количество клиентов | H1: Товарооборот на склад | I1: Неделя
A2: 43982 | B2: Самара | C2: 7944 | D2: 623971.5 | E2: {=_xlfn.XLOOKUP(A2&B2,Лист2!A:A&Лист2!B:B,Лист2!C:C,0,0)} -> 15 | F2: {=_xlfn.XLOOKUP(A2&B2,Лист2!A:A&Лист2!B:B,Лист2!D:D,0,0)} -> 441 | G2: {=_xlfn.XLOOKUP(A2&B2,Лист2!A:A&Лист2!B:B,Лист2!E:E,0,0)} -> 368 | H2: =ROUND(C2/E2, 1) -> 529.6 | I2: =WEEKNUM(A2,2) -> 22
A3: 43981 | B3: Самара | C3: 10029 | D3: 787101 | E3: {=_xlfn.XLOOKUP(A3&B3,Лист2!A:A&Лист2!B:B,Лист2!C:C,0,0)} -> 15 | F3: {=_xlfn.XLOOKUP(A3&B3,Лист2!A:A&Лист2!B:B,Лист2!D:D,0,0)} -> 490 | G3: {=_xlfn.XLOOKUP(A3&B3,Лист2!A:A&Лист2!B:B,Лист2!E:E,0,0)} -> 409 | H3: =ROUND(C3/E3, 1) -> 668.6 | I3: =WEEKNUM(A3,2) -> 22
A4: 43979 | B4: Самара | C4: 8536.5 | D4: 643944 | E4: {=_xlfn.XLOOKUP(A4&B4,Лист2!A:A&Лист2!B:B,Лист2!C:C,0,0)} -> 15 | F4: {=_xlfn.XLOOKUP(A4&B4,Лист2!A:A&Лист2!B:B,Лист2!D:D,0,0)} -> 464 | G4: {=_xlfn.XLOOKUP(A4&B4,Лист2!A:A&Лист2!B:B,Лист2!E:E,0,0)} -> 390 | H4: =ROUND(C4/E4, 1) -> 569.1 | I4: =WEEKNUM(A4,2) -> 22
A5: 43967 | B5: Кемерово | C5: 38947.5 | D5: 3395892 | E5: {=_xlfn.XLOOKUP(A5&B5,Лист2!A:A&Лист2!B:B,Лист2!C:C,0,0)} -> 21 | F5: {=_xlfn.XLOOKUP(A5&B5,Лист2!A:A&Лист2!B:B,Лист2!D:D,0,0)} -> 2145 | G5: {=_xlfn.XLOOKUP(A5&B5,Лист2!A:A&Лист2!B:B,Лист2!E:E,0,0)} -> 1947 | H5: =ROUND(C5/E5, 1) -> 1854.6 | I5: =WEEKNUM(A5,2) -> 20
A6: 43970 | B6: Кемерово | C6: 31842 | D6: 2771116.5 | E6: {=_xlfn.XLOOKUP(A6&B6,Лист2!A:A&Лист2!B:B,Лист2!C:C,0,0)} -> 21 | F6: {=_xlfn.XLOOKUP(A6&B6,Лист2!A:A&Лист2!B:B,Лист2!D:D,0,0)} -> 1860 | G6: {=_xlfn.XLOOKUP(A6&B6,Лист2!A:A&Лист2!B:B,Лист2!E:E,0,0)} -> 1704 | H6: =ROUND(C6/E6, 1) -> 1516.3 | I6: =WEEKNUM(A6,2) -> 21
A7: 43968 | B7: Кемерово | C7: 32023.5 | D7: 2882458.5 | E7: {=_xlfn.XLOOKUP(A7&B7,Лист2!A:A&Лист2!B:B,Лист2!C:C,0,0)} -> 21 | F7: {=_xlfn.XLOOKUP(A7&B7,Лист2!A:A&Лист2!B:B,Лист2!D:D,0,0)} -> 1874 | G7: {=_xlfn.XLOOKUP(A7&B7,Лист2!A:A&Лист2!B:B,Лист2!E:E,0,0)} -> 1705 | H7: =ROUND(C7/E7, 1) -> 1524.9 | I7: =WEEKNUM(A7,2) -> 20
A8: 43960 | B8: Кемерово | C8: 31147.5 | D8: 2831019 | E8: {=_xlfn.XLOOKUP(A8&B8,Лист2!A:A&Лист2!B:B,Лист2!C:C,0,0)} -> 21 | F8: {=_xlfn.XLOOKUP(A8&B8,Лист2!A:A&Лист2!B:B,Лист2!D:D,0,0)} -> 1735 | G8: {=_xlfn.XLOOKUP(A8&B8,Лист2!A:A&Лист2!B:B,Лист2!E:E,0,0)} -> 1568 | H8: =ROUND(C8/E8, 1) -> 1483.2 | I8: =WEEKNUM(A8,2) -> 19
A9: 43955 | B9: Кемерово | C9: 25566 | D9: 2372310 | E9: {=_xlfn.XLOOKUP(A9&B9,Лист2!A:A&Лист2!B:B,Лист2!C:C,0,0)} -> 20 | F9: {=_xlfn.XLOOKUP(A9&B9,Лист2!A:A&Лист2!B:B,Лист2!D:D,0,0)} -> 1519 | G9: {=_xlfn.XLOOKUP(A9&B9,Лист2!A:A&Лист2!B:B,Лист2!E:E,0,0)} -> 1372 | H9: =ROUND(C9/E9, 1) -> 1278.3 | I9: =WEEKNUM(A9,2) -> 19
A10: 43950 | B10: Кемерово | C10: 29319 | D10: 2623480.5 | E10: {=_xlfn.XLOOKUP(A10&B10,Лист2!A:A&Лист2!B:B,Лист2!C:C,0,0)} -> 18 | F10: {=_xlfn.XLOOKUP(A10&B10,Лист2!A:A&Лист2!B:B,Лист2!D:D,0,0)} -> 1684 | G10: {=_xlfn.XLOOKUP(A10&B10,Лист2!A:A&Лист2!B:B,Лист2!E:E,0,0)} -> 1528 | H10: =ROUND(C10/E10, 1) -> 1628.8 | I10: =WEEKNUM(A10,2) -> 18
A11: 43953 | B11: Кемерово | C11: 29031 | D11: 2711247 | E11: {=_xlfn.XLOOKUP(A11&B11,Лист2!A:A&Лист2!B:B,Лист2!C:C,0,0)} -> 18 | F11: {=_xlfn.XLOOKUP(A11&B11,Лист2!A:A&Лист2!B:B,Лист2!D:D,0,0)} -> 1708 | G11: {=_xlfn.XLOOKUP(A11&B11,Лист2!A:A&Лист2!B:B,Лист2!E:E,0,0)} -> 1534 | H11: =ROUND(C11/E11, 1) -> 1612.8 | I11: =WEEKNUM(A11,2) -> 18
A12: 43977 | B12: Кемерово | C12: 33423 | D12: 2970330 | E12: {=_xlfn.XLOOKUP(A12&B12,Лист2!A:A&Лист2!B:B,Лист2!C:C,0,0)} -> 20 | F12: {=_xlfn.XLOOKUP(A12&B12,Лист2!A:A&Лист2!B:B,Лист2!D:D,0,0)} -> 2044 | G12: {=_xlfn.XLOOKUP(A12&B12,Лист2!A:A&Лист2!B:B,Лист2!E:E,0,0)} -> 1863 | H12: =ROUND(C12/E12, 1) -> 1671.2 | I12: =WEEKNUM(A12,2) -> 22
A13: 43952 | B13: Кемерово | C13: 32487 | D13: 3031254 | E13: {=_xlfn.XLOOKUP(A13&B13,Лист2!A:A&Лист2!B:B,Лист2!C:C,0,0)} -> 18 | F13: {=_xlfn.XLOOKUP(A13&B13,Лист2!A:A&Лист2!B:B,Лист2!D:D,0,0)} -> 1826 | G13: {=_xlfn.XLOOKUP(A13&B13,Лист2!A:A&Лист2!B:B,Лист2!E:E,0,0)} -> 1633 | H13: =ROUND(C13/E13, 1) -> 1804.8 | I13: =WEEKNUM(A13,2) -> 18
... A505: 43983 | B505: Новосибирск | C505: 14238 | D505: 1293219 | E505: {=_xlfn.XLOOKUP(A505&B505,Лист2!A:A&Лист2!B:B,Лист2!C:C,0,0)} -> 18 | F505: {=_xlfn.XLOOKUP(A505&B505,Лист2!A:A&Лист2!B:B,Лист2!D:D,0,0)} -> 923 | G505: {=_xlfn.XLOOKUP(A505&B505,Лист2!A:A&Лист2!B:B,Лист2!E:E,0,0)} -> 824 | H505: =ROUND(C505/E505, 1) -> 791 | I505: =WEEKNUM(A505,2) -> 23

Sheet Лист2
A1: Дата | B1: Территория | C1: Количество складов | D1: Количество заказов | E1: Количество клиентов
A2: 43949 | B2: Волгоград | C2: 36 | D2: 4923 | E2: 4560
A3: 43949 | B3: Екатеринбург | C3: 31 | D3: 5465 | E3: 5096
A4: 43949 | B4: Казань | C4: 19 | D4: 1846 | E4: 1681
A5: 43949 | B5: Кемерово | C5: 18 | D5: 1539 | E5: 1404
A6: 43949 | B6: Краснодар | C6: 18 | D6: 1505 | E6: 1368
A7: 43949 | B7: Москва Восток | C7: 54 | D7: 12306 | E7: 11532
A8: 43949 | B8: Москва Запад | C8: 59 | D8: 12943 | E8: 12072
A9: 43949 | B9: Нижний Новгород | C9: 17 | D9: 1439 | E9: 1265
A10: 43949 | B10: Новосибирск | C10: 15 | D10: 636 | E10: 547
A11: 43949 | B11: Пермь | C11: 15 | D11: 780 | E11: 690
A12: 43949 | B12: Санкт-Петербург Север | C12: 125 | D12: 20914 | E12: 19479
A13: 43949 | B13: Санкт-Петербург Юг | C13: 128 | D13: 16450 | E13: 15320
... A505: 43983 | B505: Уфа | C505: 6 | D505: 237 | E505: 175
